android.accounts.AccountManager.getAccounts()---,0.00024473350
android.app.Activity.findViewById(int)---,0.00042354100
android.app.Activity.finish()---,0.00049443790
android.app.Activity.getActionBar()---,0.00004617661
android.app.Activity.getComponentName()---,0.00000028605
android.app.Activity.getSystemService(java.lang.String)---,0.00001754225
android.app.Activity.getWindow()---,0.00000377246
android.app.Activity.getWindowManager()---,0.00000429092
android.app.Activity.onTrimMemory(int)---,0.00001430158
android.app.Activity.runOnUiThread(java.lang.Runnable)---,0.00007220667
android.app.Activity.setContentView(int)---,0.15151770270
android.app.Activity.setResult(int#android.content.Intent)---,0.00000871714
android.app.Activity.startActivity(android.content.Intent)---,0.00008462622
android.app.Activity.startActivity(android.content.Intent#android.os.Bundle)---,0.00027918440
android.app.Activity.startActivityForResult(android.content.Intent#int)---,0.00044122400
android.app.Activity.startActivityForResult(android.content.Intent#int#android.os.Bundle)---,0.00043844620
android.app.ActivityManager.getMemoryClass()---,0.00028978880
android.app.ActivityManager.getMemoryInfo(android.app.ActivityManager.MemoryInfo)---,0.00011793350
android.app.ActivityManager.MemoryInfo.ActivityManager.MemoryInfo()---,0.00000008074
android.app.ActivityManager.MemoryInfo.readFromParcel(android.os.Parcel)---,0.00003347907
android.app.AlertDialog.Builder.AlertDialog.Builder(android.content.Context)---,0.00016720940
android.app.AlertDialog.Builder.create()---,0.00055957420
android.app.AlertDialog.Builder.setMessage(java.lang.CharSequence)---,0.00000137772
android.app.AlertDialog.Builder.setNegativeButton(java.lang.CharSequence#android.content.DialogInterface.OnClickListener)---,0.00000014371
android.app.AlertDialog.Builder.setPositiveButton(java.lang.CharSequence#android.content.DialogInterface.OnClickListener)---,0.00000018173
android.app.AlertDialog.Builder.setTitle(java.lang.CharSequence)---,0.00000013565
android.app.Application.onTrimMemory(int)---,0.00009592807
android.app.ApplicationErrorReport.CrashInfo.ApplicationErrorReport.CrashInfo(java.lang.Throwable)---,0.00670111320
android.app.Dialog.cancel()---,0.00052143840
android.app.Dialog.dismiss()---,0.00119389870
android.app.Dialog.show()---,0.08167358080
android.app.IntentService.onCreate()---,0.00010383760
android.app.IntentService.onDestroy()---,0.00002954452
android.app.IntentService.onStartCommand(android.content.Intent#int#int)---,0.00001511914
android.app.NotificationManager.cancelAll()---,0.00046052690
android.app.ProgressDialog.setProgress(int)---,0.00345630580
android.app.ProgressDialog.setSecondaryProgress(int)---,0.00057933370
android.app.Service.onStartCommand(android.content.Intent#int#int)---,0.00083608160
android.app.Service.onTrimMemory(int)---,0.00000915426
android.app.Service.stopSelf(int)---,0.00009745252
android.content.AsyncQueryHandler.handleMessage(android.os.Message)---,0.00474455200
android.content.BroadcastReceiver.BroadcastReceiver()---,0.00000003520
android.content.BroadcastReceiver.PendingResult.finish()---,0.00001020546
android.content.ComponentName.ComponentName(android.content.Context#java.lang.Class)---,0.00001589146
android.content.ComponentName.ComponentName(android.content.Context#java.lang.String)---,0.00000917087
android.content.ComponentName.getClassName()---,0.00001810769
android.content.ComponentName.getPackageName()---,0.00000006617
android.content.ComponentName.readFromParcel(android.os.Parcel)---,0.00000662330
android.content.ComponentName.writeToParcel(android.content.ComponentName#android.os.Parcel)---,0.00001248260
android.content.ComponentName.writeToParcel(android.os.Parcel#int)---,0.00001502626
android.content.ContentProvider.getContext()---,0.00000018689
android.content.ContentProvider.query(android.net.Uri#java.lang.String[]#java.lang.String#java.lang.String[]#java.lang.String#android.os.CancellationSignal)---,0.00243540080
android.content.ContentResolver.notifyChange(android.net.Uri#android.database.ContentObserver)---,0.00029750410
android.content.ContentResolver.notifyChange(android.net.Uri#android.database.ContentObserver#boolean)---,0.00029213600
android.content.ContentResolver.query(android.net.Uri#java.lang.String[]#java.lang.String#java.lang.String[]#java.lang.String)---,0.00396550860
android.content.ContentResolver.query(android.net.Uri#java.lang.String[]#java.lang.String#java.lang.String[]#java.lang.String#android.os.CancellationSignal)---,0.00396020460
android.content.ContentResolver.unregisterContentObserver(android.database.ContentObserver)---,0.00019743740
android.content.ContentResolver.update(android.net.Uri#android.content.ContentValues#java.lang.String#java.lang.String[])---,0.00462958690
android.content.ContentValues.ContentValues()---,0.00001834900
android.content.ContentValues.get(java.lang.String)---,0.00000288947
android.content.ContentValues.keySet()---,0.00001003514
android.content.ContentValues.put(java.lang.String#byte[])---,0.00000759714
android.content.ContentValues.put(java.lang.String#java.lang.Integer)---,0.00002080923
android.content.ContentValues.put(java.lang.String#java.lang.Long)---,0.00001280773
android.content.ContentValues.put(java.lang.String#java.lang.String)---,0.00002018839
android.content.ContentValues.size()---,0.00000456844
android.content.Context.Context()---,0.00000015400
android.content.Context.getString(int)---,0.00006052680
android.content.ContextWrapper.bindService(android.content.Intent#android.content.ServiceConnection#int)---,0.00089416990
android.content.ContextWrapper.checkCallingOrSelfPermission(java.lang.String)---,0.00006516576
android.content.ContextWrapper.ContextWrapper(android.content.Context)---,0.00000434185
android.content.ContextWrapper.deleteDatabase(java.lang.String)---,0.00103141380
android.content.ContextWrapper.deleteFile(java.lang.String)---,0.00014805430
android.content.ContextWrapper.getApplicationContext()---,0.00002976456
android.content.ContextWrapper.getApplicationInfo()---,0.00000358573
android.content.ContextWrapper.getAssets()---,0.00001195541
android.content.ContextWrapper.getBaseContext()---,0.00000031353
android.content.ContextWrapper.getCacheDir()---,0.00001191775
android.content.ContextWrapper.getClassLoader()---,0.00000265393
android.content.ContextWrapper.getContentResolver()---,0.00000688087
android.content.ContextWrapper.getDatabasePath(java.lang.String)---,0.00015065800
android.content.ContextWrapper.getExternalFilesDir(java.lang.String)---,0.00168642810
android.content.ContextWrapper.getFilesDir()---,0.00001164115
android.content.ContextWrapper.getMainLooper()---,0.00000688600
android.content.ContextWrapper.getPackageManager()---,0.00000220300
android.content.ContextWrapper.getPackageName()---,0.00002057783
android.content.ContextWrapper.getResources()---,0.00001158664
android.content.ContextWrapper.getSharedPreferences(java.lang.String#int)---,0.00026741330
android.content.ContextWrapper.getSystemService(java.lang.String)---,0.00013254180
android.content.ContextWrapper.openFileInput(java.lang.String)---,0.00037820600
android.content.ContextWrapper.openFileOutput(java.lang.String#int)---,0.00028465600
android.content.ContextWrapper.openOrCreateDatabase(java.lang.String#int#android.database.sqlite.SQLiteDatabase.CursorFactory#android.database.DatabaseErrorHandler)---,0.00758532440
android.content.ContextWrapper.registerReceiver(android.content.BroadcastReceiver#android.content.IntentFilter)---,0.00023920840
android.content.ContextWrapper.sendBroadcast(android.content.Intent)---,0.00040177510
android.content.ContextWrapper.startService(android.content.Intent)---,0.00034930530
android.content.Intent.getAction()---,0.00000002642
android.content.Intent.getByteArrayExtra(java.lang.String)---,0.00000564475
android.content.Intent.getClipData()---,0.00000115326
android.content.Intent.getComponent()---,0.00000003264
android.content.Intent.getIntExtra(java.lang.String#int)---,0.00066436610
android.content.Intent.getStringExtra(java.lang.String)---,0.00002407507
android.content.Intent.Intent()---,0.00000334435
android.content.Intent.Intent(android.content.Context#java.lang.Class)---,0.00000743200
android.content.Intent.Intent(java.lang.String)---,0.00002958549
android.content.Intent.Intent(java.lang.String#android.net.Uri)---,0.00000000000
android.content.Intent.putExtra(java.lang.String#byte[])---,0.00001148030
android.content.Intent.putExtra(java.lang.String#java.lang.String)---,0.00004511057
android.content.Intent.readFromParcel(android.os.Parcel)---,0.00007227364
android.content.Intent.resolveType(android.content.ContentResolver)---,0.00000213549
android.content.Intent.resolveTypeIfNeeded(android.content.ContentResolver)---,0.00000676269
android.content.Intent.setAction(java.lang.String)---,0.00001317863
android.content.Intent.setExtrasClassLoader(java.lang.ClassLoader)---,0.00001259620
android.content.Intent.setPackage(java.lang.String)---,0.00000011334
android.content.Intent.writeToParcel(android.os.Parcel#int)---,0.00016172410
android.content.IntentFilter.addAction(java.lang.String)---,0.00000967753
android.content.IntentFilter.IntentFilter()---,0.00000849606
android.content.IntentFilter.IntentFilter(java.lang.String)---,0.00001855041
android.content.IntentFilter.writeToParcel(android.os.Parcel#int)---,0.00002783881
android.content.pm.PackageItemInfo.loadIcon(android.content.pm.PackageManager)---,0.00072799620
android.content.pm.PackageItemInfo.loadLabel(android.content.pm.PackageManager)---,0.00073186170
android.content.pm.Signature.hashCode()---,0.00001554906
android.content.pm.Signature.Signature(java.lang.String)---,0.00299997030
android.content.res.AssetManager.AssetInputStream.available()---,0.00001185833
android.content.res.AssetManager.AssetInputStream.close()---,0.00014575440
android.content.res.AssetManager.AssetInputStream.finalize()---,0.00000000000
android.content.res.AssetManager.AssetInputStream.getAssetInt()---,0.00000027760
android.content.res.AssetManager.AssetInputStream.mark(int)---,0.00002974911
android.content.res.AssetManager.AssetInputStream.markSupported()---,0.00000032386
android.content.res.AssetManager.AssetInputStream.read()---,0.00002636589
android.content.res.AssetManager.AssetInputStream.read(byte[])---,0.00006765400
android.content.res.AssetManager.AssetInputStream.read(byte[]#int#int)---,0.00000003333
android.content.res.AssetManager.open(java.lang.String)---,0.00011043440
android.content.res.AssetManager.open(java.lang.String#int)---,0.00012027000
android.content.res.Configuration.Configuration()---,0.00000194749
android.content.res.Configuration.Configuration(android.content.res.Configuration)---,0.00002844674
android.content.res.Configuration.diff(android.content.res.Configuration)---,0.00005263034
android.content.res.Configuration.setTo(android.content.res.Configuration)---,0.00000512884
android.content.res.Configuration.setToDefaults()---,0.00000009947
android.content.res.Configuration.updateFrom(android.content.res.Configuration)---,0.00006536534
android.content.res.Configuration.writeToParcel(android.os.Parcel#int)---,0.00034875710
android.content.res.Resources.flushLayoutCache()---,0.00000172794
android.content.res.Resources.getAssets()---,0.00000084200
android.content.res.Resources.getBoolean(int)---,0.00002858811
android.content.res.Resources.getConfiguration()---,0.00000371135
android.content.res.Resources.getDisplayMetrics()---,0.00000187600
android.content.res.Resources.getDrawable(int)---,0.00029378640
android.content.res.Resources.getIdentifier(java.lang.String#java.lang.String#java.lang.String)---,0.00014128790
android.content.res.Resources.getString(int)---,0.00007136392
android.content.res.Resources.getText(int)---,0.00006657748
android.content.res.Resources.getValue(int#android.util.TypedValue#boolean)---,0.00007746490
android.content.res.Resources.openRawResource(int)---,0.00045741090
android.content.res.Resources.openRawResource(int#android.util.TypedValue)---,0.00037170030
android.content.res.Resources.updateConfiguration(android.content.res.Configuration#android.util.DisplayMetrics)---,0.00012736760
android.content.UriMatcher.match(android.net.Uri)---,0.00009153629
android.database.AbstractCursor.AbstractCursor()---,0.00006210249
android.database.AbstractCursor.checkPosition()---,0.00000086200
android.database.AbstractCursor.close()---,0.00004298113
android.database.AbstractCursor.isAfterLast()---,0.00000813274
android.database.AbstractCursor.isClosed()---,0.00000012100
android.database.AbstractCursor.moveToFirst()---,0.00015223830
android.database.AbstractCursor.moveToNext()---,0.00003156361
android.database.AbstractCursor.moveToPosition(int)---,0.00013406570
android.database.AbstractCursor.SelfContentObserver.AbstractCursor.SelfContentObserver(android.database.AbstractCursor)---,0.00000881662
android.database.AbstractCursor.setNotificationUri(android.content.ContentResolver#android.net.Uri)---,0.00043947000
android.database.AbstractWindowedCursor.AbstractWindowedCursor()---,0.00007618364
android.database.AbstractWindowedCursor.checkPosition()---,0.00000580354
android.database.AbstractWindowedCursor.getInt(int)---,0.00001126033
android.database.AbstractWindowedCursor.getLong(int)---,0.00001851940
android.database.AbstractWindowedCursor.getString(int)---,0.00003322560
android.database.ContentObservable.ContentObservable()---,0.00002079600
android.database.ContentObserver.ContentObserver(android.os.Handler)---,0.00000720812
android.database.ContentObserver.onChange(boolean#android.net.Uri)---,0.00299075210
android.database.CrossProcessCursorWrapper.CrossProcessCursorWrapper(android.database.Cursor)---,0.00002772979
android.database.CursorWindow.CursorWindow(java.lang.String)---,0.00018645820
android.database.CursorWindow.getInt(int#int)---,0.00001126033
android.database.CursorWindow.getLong(int#int)---,0.00001126464
android.database.CursorWindow.getNumRows()---,0.00001599300
android.database.CursorWindow.getStartPosition()---,0.00000000941
android.database.CursorWindow.getString(int#int)---,0.00001179446
android.database.CursorWindow.onAllReferencesReleased()---,0.00005015014
android.database.CursorWindow.setStartPosition(int)---,0.00000112088
android.database.CursorWrapper.close()---,0.00041762570
android.database.CursorWrapper.CursorWrapper(android.database.Cursor)---,0.00002268645
android.database.CursorWrapper.getCount()---,0.00002388300
android.database.DatabaseUtils.getSqlStatementType(java.lang.String)---,0.00011158570
android.database.DatabaseUtils.longForQuery(android.database.sqlite.SQLiteDatabase#java.lang.String#java.lang.String[])---,0.00102487990
android.database.DatabaseUtils.longForQuery(android.database.sqlite.SQLiteStatement#java.lang.String[])---,0.00034672950
android.database.DatabaseUtils.readExceptionFromParcel(android.os.Parcel)---,0.00002824618
android.database.DataSetObservable.DataSetObservable()---,0.00001980761
android.database.DataSetObservable.notifyChanged()---,0.00021232810
android.database.DataSetObservable.notifyInvalidated()---,0.00000467857
android.database.DefaultDatabaseErrorHandler.DefaultDatabaseErrorHandler()---,0.00000985357
android.database.Observable.Observable()---,0.00000767700
android.database.Observable.unregisterAll()---,0.00000007981
android.database.sqlite.SQLiteClosable.acquireReference()---,0.00000149733
android.database.sqlite.SQLiteClosable.close()---,0.00003061650
android.database.sqlite.SQLiteClosable.releaseReference()---,0.00000220831
android.database.sqlite.SQLiteClosable.SQLiteClosable()---,0.00000330046
android.database.sqlite.SQLiteCursor.close()---,0.00013112090
android.database.sqlite.SQLiteCursor.getColumnIndex(java.lang.String)---,0.00002197509
android.database.sqlite.SQLiteCursor.getColumnNames()---,0.00000013195
android.database.sqlite.SQLiteCursor.getCount()---,0.00079917750
android.database.sqlite.SQLiteCursor.getDatabase()---,0.00000095409
android.database.sqlite.SQLiteCursor.onMove(int#int)---,0.00000419534
android.database.sqlite.SQLiteCursor.SQLiteCursor(android.database.sqlite.SQLiteCursorDriver#java.lang.String#android.database.sqlite.SQLiteQuery)---,0.00010779940
android.database.sqlite.SQLiteCursor.SQLiteCursor(android.database.sqlite.SQLiteDatabase#android.database.sqlite.SQLiteCursorDriver#java.lang.String#android.database.sqlite.SQLiteQuery)---,0.00019546630
android.database.sqlite.SQLiteDatabase.beginTransaction()---,0.00020579320
android.database.sqlite.SQLiteDatabase.beginTransactionNonExclusive()---,0.00021389360
android.database.sqlite.SQLiteDatabase.compileStatement(java.lang.String)---,0.00032663060
android.database.sqlite.SQLiteDatabase.delete(java.lang.String#java.lang.String#java.lang.String[])---,0.00147112800
android.database.sqlite.SQLiteDatabase.deleteDatabase(java.io.File)---,0.00033562230
android.database.sqlite.SQLiteDatabase.endTransaction()---,0.00047270600
android.database.sqlite.SQLiteDatabase.execSQL(java.lang.String)---,0.00170591940
android.database.sqlite.SQLiteDatabase.findEditTable(java.lang.String)---,0.00001495320
android.database.sqlite.SQLiteDatabase.getPath()---,0.00000013690
android.database.sqlite.SQLiteDatabase.getVersion()---,0.00053883930
android.database.sqlite.SQLiteDatabase.insert(java.lang.String#java.lang.String#android.content.ContentValues)---,0.00137759470
android.database.sqlite.SQLiteDatabase.insertOrThrow(java.lang.String#java.lang.String#android.content.ContentValues)---,0.00184027760
android.database.sqlite.SQLiteDatabase.insertWithOnConflict(java.lang.String#java.lang.String#android.content.ContentValues#int)---,0.00123958710
android.database.sqlite.SQLiteDatabase.inTransaction()---,0.00003484887
android.database.sqlite.SQLiteDatabase.isOpen()---,0.00000019080
android.database.sqlite.SQLiteDatabase.isReadOnly()---,0.00000249400
android.database.sqlite.SQLiteDatabase.onAllReferencesReleased()---,0.00039325950
android.database.sqlite.SQLiteDatabase.openDatabase(java.lang.String#android.database.sqlite.SQLiteDatabase.CursorFactory#int#android.database.DatabaseErrorHandler)---,0.00409423800
android.database.sqlite.SQLiteDatabase.openOrCreateDatabase(java.lang.String#android.database.sqlite.SQLiteDatabase.CursorFactory)---,0.00122202570
android.database.sqlite.SQLiteDatabase.query(boolean#java.lang.String#java.lang.String[]#java.lang.String#java.lang.String[]#java.lang.String#java.lang.String#java.lang.String#java.lang.String)---,0.00045171870
android.database.sqlite.SQLiteDatabase.query(java.lang.String#java.lang.String[]#java.lang.String#java.lang.String[]#java.lang.String#java.lang.String#java.lang.String)---,0.00092800600
android.database.sqlite.SQLiteDatabase.query(java.lang.String#java.lang.String[]#java.lang.String#java.lang.String[]#java.lang.String#java.lang.String#java.lang.String#java.lang.String)---,0.00031831630
android.database.sqlite.SQLiteDatabase.queryWithFactory(android.database.sqlite.SQLiteDatabase.CursorFactory#boolean#java.lang.String#java.lang.String[]#java.lang.String#java.lang.String[]#java.lang.String#java.lang.String#java.lang.String#java.lang.String#android.os.CancellationSignal)---,0.00044651110
android.database.sqlite.SQLiteDatabase.rawQuery(java.lang.String#java.lang.String[])---,0.00056768430
android.database.sqlite.SQLiteDatabase.rawQueryWithFactory(android.database.sqlite.SQLiteDatabase.CursorFactory#java.lang.String#java.lang.String[]#java.lang.String#android.os.CancellationSignal)---,0.00046535390
android.database.sqlite.SQLiteDatabase.releaseMemory()---,0.00000444608
android.database.sqlite.SQLiteDatabase.setTransactionSuccessful()---,0.00002346918
android.database.sqlite.SQLiteDatabase.setVersion(int)---,0.00058339980
android.database.sqlite.SQLiteDatabase.update(java.lang.String#android.content.ContentValues#java.lang.String#java.lang.String[])---,0.00371926310
android.database.sqlite.SQLiteDatabase.updateWithOnConflict(java.lang.String#android.content.ContentValues#java.lang.String#java.lang.String[]#int)---,0.00121329040
android.database.sqlite.SQLiteOpenHelper.close()---,0.00000455851
android.database.sqlite.SQLiteOpenHelper.getReadableDatabase()---,0.01905499350
android.database.sqlite.SQLiteOpenHelper.getWritableDatabase()---,0.00799981010
android.database.sqlite.SQLiteOpenHelper.onConfigure(android.database.sqlite.SQLiteDatabase)---,0.00000084772
android.database.sqlite.SQLiteOpenHelper.onOpen(android.database.sqlite.SQLiteDatabase)---,0.00000091953
android.database.sqlite.SQLiteOpenHelper.SQLiteOpenHelper(android.content.Context#java.lang.String#android.database.sqlite.SQLiteDatabase.CursorFactory#int)---,0.00000000000
android.database.sqlite.SQLiteOpenHelper.SQLiteOpenHelper(android.content.Context#java.lang.String#android.database.sqlite.SQLiteDatabase.CursorFactory#int#android.database.DatabaseErrorHandler)---,0.00000012840
android.database.sqlite.SQLiteProgram.bindAllArgsAsStrings(java.lang.String[])---,0.00001334662
android.database.sqlite.SQLiteProgram.bindString(int#java.lang.String)---,0.00001004041
android.database.sqlite.SQLiteProgram.clearBindings()---,0.00000052792
android.database.sqlite.SQLiteProgram.onAllReferencesReleased()---,0.00000237764
android.database.sqlite.SQLiteQueryBuilder.appendColumns(java.lang.StringBuilder#java.lang.String[])---,0.00011221850
android.database.sqlite.SQLiteQueryBuilder.buildQuery(java.lang.String[]#java.lang.String#java.lang.String#java.lang.String#java.lang.String#java.lang.String)---,0.00051175460
android.database.sqlite.SQLiteQueryBuilder.buildQueryString(boolean#java.lang.String#java.lang.String[]#java.lang.String#java.lang.String#java.lang.String#java.lang.String#java.lang.String)---,0.00013794990
android.database.sqlite.SQLiteQueryBuilder.query(android.database.sqlite.SQLiteDatabase#java.lang.String[]#java.lang.String#java.lang.String[]#java.lang.String#java.lang.String#java.lang.String)---,0.00215772680
android.database.sqlite.SQLiteQueryBuilder.query(android.database.sqlite.SQLiteDatabase#java.lang.String[]#java.lang.String#java.lang.String[]#java.lang.String#java.lang.String#java.lang.String#java.lang.String#android.os.CancellationSignal)---,0.00180850320
android.database.sqlite.SQLiteQueryBuilder.setProjectionMap(java.util.Map)---,0.00000137571
android.database.sqlite.SQLiteQueryBuilder.setTables(java.lang.String)---,0.00000487514
android.database.sqlite.SQLiteQueryBuilder.SQLiteQueryBuilder()---,0.00000560683
android.database.sqlite.SQLiteStatement.executeInsert()---,0.00044719820
android.database.sqlite.SQLiteStatement.executeUpdateDelete()---,0.00065865390
android.database.sqlite.SQLiteStatement.simpleQueryForLong()---,0.00027919040
android.graphics.Bitmap.createBitmap(android.graphics.Bitmap#int#int#int#int#android.graphics.Matrix#boolean)---,0.00018530260
android.graphics.Bitmap.createBitmap(int#int#android.graphics.Bitmap.Config)---,0.00006150759
android.graphics.Bitmap.createScaledBitmap(android.graphics.Bitmap#int#int#boolean)---,0.00019779540
android.graphics.Bitmap.getConfig()---,0.00000436427
android.graphics.Bitmap.getHeight()---,0.00000282612
android.graphics.Bitmap.getNinePatchChunk()---,0.00000006913
android.graphics.Bitmap.getPixel(int#int)---,0.00003393831
android.graphics.Bitmap.getPixels(int[]#int#int#int#int#int#int)---,0.00007603933
android.graphics.Bitmap.getWidth()---,0.00000212686
android.graphics.Bitmap.hasAlpha()---,0.00000204674
android.graphics.Bitmap.isMutable()---,0.00000083675
android.graphics.Bitmap.isRecycled()---,0.00000299765
android.graphics.Bitmap.recycle()---,0.00003618668
android.graphics.Bitmap.setDensity(int)---,0.00000005836
android.graphics.BitmapFactory.decodeResourceStream(android.content.res.Resources#android.util.TypedValue#java.io.InputStream#android.graphics.Rect#android.graphics.BitmapFactory.Options)---,0.00094165920
android.graphics.BitmapFactory.decodeStream(java.io.InputStream)---,0.00039423660
android.graphics.BitmapFactory.decodeStream(java.io.InputStream#android.graphics.Rect#android.graphics.BitmapFactory.Options)---,0.00007656410
android.graphics.BitmapFactory.Options.BitmapFactory.Options()---,0.00000291277
android.graphics.Canvas.Canvas()---,0.00001460805
android.graphics.Canvas.Canvas(android.graphics.Bitmap)---,0.00001488118
android.graphics.Canvas.clipRect(float#float#float#float#android.graphics.Region.Op)---,0.00002463834
android.graphics.Canvas.concat(android.graphics.Matrix)---,0.00000208762
android.graphics.Canvas.drawBitmap(android.graphics.Bitmap#android.graphics.Rect#android.graphics.Rect#android.graphics.Paint)---,0.00009986427
android.graphics.Canvas.drawBitmap(android.graphics.Bitmap#android.graphics.Rect#android.graphics.RectF#android.graphics.Paint)---,0.00006278172
android.graphics.Canvas.drawColor(int#android.graphics.PorterDuff.Mode)---,0.00004879386
android.graphics.Canvas.drawText(char[]#int#int#float#float#android.graphics.Paint)---,0.00047492950
android.graphics.Canvas.drawText(java.lang.String#float#float#android.graphics.Paint)---,0.00025757240
android.graphics.Canvas.drawText(java.lang.String#int#int#float#float#android.graphics.Paint)---,0.00014286770
android.graphics.Canvas.isHardwareAccelerated()---,0.00000007778
android.graphics.Canvas.setBitmap(android.graphics.Bitmap)---,0.00000779813
android.graphics.Canvas.translate(float#float)---,0.00000011578
android.graphics.drawable.AnimationDrawable.run()---,0.00028920100
android.graphics.drawable.AnimationDrawable.start()---,0.00029271570
android.graphics.drawable.BitmapDrawable.BitmapDrawable(android.content.res.Resources#android.graphics.Bitmap)---,0.00005998255
android.graphics.drawable.BitmapDrawable.draw(android.graphics.Canvas)---,0.00009969752
android.graphics.drawable.BitmapDrawable.getChangingConfigurations()---,0.00000132529
android.graphics.drawable.BitmapDrawable.getConstantState()---,0.00000361492
android.graphics.drawable.BitmapDrawable.getIntrinsicHeight()---,0.00000092090
android.graphics.drawable.BitmapDrawable.getIntrinsicWidth()---,0.00000100231
android.graphics.drawable.BitmapDrawable.getOpacity()---,0.00000245859
android.graphics.drawable.BitmapDrawable.onBoundsChange(android.graphics.Rect)---,0.00000366758
android.graphics.drawable.Drawable.ConstantState.Drawable.ConstantState()---,0.00000208352
android.graphics.drawable.Drawable.createFromResourceStream(android.content.res.Resources#android.util.TypedValue#java.io.InputStream#java.lang.String#android.graphics.BitmapFactory.Options)---,0.00071632230
android.graphics.drawable.Drawable.Drawable()---,0.00000006582
android.graphics.drawable.Drawable.getBounds()---,0.00000006800
android.graphics.drawable.Drawable.getChangingConfigurations()---,0.00000005621
android.graphics.drawable.Drawable.onBoundsChange(android.graphics.Rect)---,0.00000146191
android.graphics.drawable.Drawable.setBounds(android.graphics.Rect)---,0.00000825690
android.graphics.drawable.Drawable.setBounds(int#int#int#int)---,0.00000567686
android.graphics.drawable.Drawable.setChangingConfigurations(int)---,0.00000196291
android.graphics.drawable.Drawable.setVisible(boolean#boolean)---,0.00020018320
android.graphics.drawable.DrawableContainer.getCurrent()---,0.00000512069
android.graphics.drawable.TransitionDrawable.startTransition(int)---,0.00009188977
android.graphics.Interpolator.setKeyFrame(int#int#float[])---,0.00009029340
android.graphics.Interpolator.setKeyFrame(int#int#float[]#float[])---,0.00002660321
android.graphics.Matrix.finalize()---,0.00000000000
android.graphics.Matrix.isIdentity()---,0.00000438731
android.graphics.Matrix.mapRect(android.graphics.RectF#android.graphics.RectF)---,0.00000369550
android.graphics.Matrix.rectStaysRect()---,0.00000129963
android.graphics.Matrix.setScale(float#float)---,0.00000249581
android.graphics.Paint.finalize()---,0.00000000000
android.graphics.Paint.FontMetricsInt.Paint.FontMetricsInt()---,0.00000334477
android.graphics.Paint.getFontMetricsInt()---,0.00004794548
android.graphics.Paint.getFontMetricsInt(android.graphics.Paint.FontMetricsInt)---,0.00004125150
android.graphics.Paint.getShader()---,0.00000070988
android.graphics.Paint.getTextBounds(java.lang.String#int#int#android.graphics.Rect)---,0.00133761630
android.graphics.Paint.getTextSize()---,0.00000507874
android.graphics.Paint.getTypeface()---,0.00000217872
android.graphics.Paint.measureText(char[]#int#int)---,0.00015745820
android.graphics.Paint.measureText(java.lang.String)---,0.00013710860
android.graphics.Paint.Paint()---,0.00002466261
android.graphics.Paint.Paint(android.graphics.Paint)---,0.00003967212
android.graphics.Paint.Paint(int)---,0.00006727688
android.graphics.Paint.set(android.graphics.Paint)---,0.00002063333
android.graphics.Paint.setFilterBitmap(boolean)---,0.00000211851
android.graphics.Paint.setFlags(int)---,0.00000912153
android.graphics.Paint.setTextLocale(java.util.Locale)---,0.00004741911
android.graphics.Paint.setTextSize(float)---,0.00000012819
android.graphics.Paint.setTypeface(android.graphics.Typeface)---,0.00001314040
android.graphics.Point.Point()---,0.00000005864
android.graphics.Point.Point(int#int)---,0.00000138331
android.graphics.Rect.equals(java.lang.Object)---,0.00001955391
android.graphics.Rect.height()---,0.00000700445
android.graphics.Rect.isEmpty()---,0.00000415865
android.graphics.Rect.Rect()---,0.00000256600
android.graphics.Rect.Rect(int#int#int#int)---,0.00000008000
android.graphics.Rect.set(android.graphics.Rect)---,0.00000341317
android.graphics.Rect.set(int#int#int#int)---,0.00000014992
android.graphics.Rect.width()---,0.00000340732
android.graphics.RectF.height()---,0.00000129970
android.graphics.RectF.RectF()---,0.00000009125
android.graphics.RectF.RectF(float#float#float#float)---,0.00000008919
android.graphics.RectF.width()---,0.00000007357
android.graphics.Region.finalize()---,0.00000000000
android.graphics.Region.isEmpty()---,0.00001872039
android.graphics.Typeface.create(android.graphics.Typeface#int)---,0.00000011690
android.graphics.Typeface.isBold()---,0.00000128100
android.graphics.Typeface.isItalic()---,0.00000131070
android.hardware.display.DisplayManager.getDisplay(int)---,0.00021793800
android.hardware.Sensor.getName()---,0.00000016332
android.hardware.Sensor.getType()---,0.00000283189
android.hardware.SensorManager.getSensorList(int)---,0.00011558400
android.hardware.SensorManager.registerListener(android.hardware.SensorEventListener#android.hardware.Sensor#int)---,0.00026003570
android.hardware.SensorManager.registerListener(android.hardware.SensorEventListener#android.hardware.Sensor#int#android.os.Handler)---,0.00029092870
android.location.GpsSatellite.usedInFix()---,0.00000119593
android.location.GpsStatus.getSatellites()---,0.00000008085
android.location.GpsStatus.getTimeToFirstFix()---,0.00000005363
android.location.Location.getAccuracy()---,0.00000007157
android.location.Location.getLatitude()---,0.00000005012
android.location.Location.getLongitude()---,0.00000004090
android.location.Location.getProvider()---,0.00000010527
android.location.Location.getTime()---,0.00000229064
android.location.Location.hasAccuracy()---,0.00000007157
android.location.Location.hasAltitude()---,0.00000006544
android.location.Location.hasBearing()---,0.00000006544
android.location.Location.hasSpeed()---,0.00000006544
android.location.Location.Location(android.location.Location)---,0.00001760927
android.location.Location.set(android.location.Location)---,0.00001442746
android.location.LocationManager.addGpsStatusListener(android.location.GpsStatus.Listener)---,0.00024601090
android.location.LocationManager.getGpsStatus(android.location.GpsStatus)---,0.00076495250
android.location.LocationManager.getProvider(java.lang.String)---,0.00006702408
android.location.LocationManager.getProviders(boolean)---,0.00005262625
android.location.LocationManager.requestLocationUpdates(java.lang.String#long#float#android.location.LocationListener#android.os.Looper)---,0.00012593690
android.media.AudioManager.getMode()---,0.00003027090
android.media.AudioManager.getRingerMode()---,0.00001938461
android.media.AudioManager.isMusicActive()---,0.00001407070
android.media.AudioManager.isSpeakerphoneOn()---,0.00001776134
android.media.AudioTrack.getPositionNotificationPeriod()---,0.00002169668
android.media.AudioTrack.write(byte[]#int#int)---,0.00003681920
android.media.MediaPlayer.getCurrentPosition()---,0.00013017000
android.media.MediaPlayer.release()---,0.00077403300
android.media.MediaPlayer.start()---,0.00101619550
android.media.MediaScannerConnection.connect()---,0.00091073920
android.media.MediaScannerConnection.MediaScannerConnection(android.content.Context#android.media.MediaScannerConnection.MediaScannerConnectionClient)---,0.00020171710
android.net.ConnectivityManager.getActiveNetworkInfo()---,0.00018543730
android.net.ConnectivityManager.getNetworkInfo(int)---,0.00025161070
android.net.ConnectivityManager.isNetworkTypeValid(int)---,0.00000011353
android.net.NetworkInfo.DetailedState.valueOf(java.lang.String)---,0.00002090327
android.net.NetworkInfo.getState()---,0.00000008649
android.net.NetworkInfo.getSubtype()---,0.00000086370
android.net.NetworkInfo.getType()---,0.00000007441
android.net.NetworkInfo.getTypeName()---,0.00000003400
android.net.NetworkInfo.isAvailable()---,0.00000011800
android.net.NetworkInfo.isConnected()---,0.00000265979
android.net.NetworkInfo.State.valueOf(java.lang.String)---,0.00002969365
android.net.NetworkInfo.State.values()---,0.00000220614
android.net.SSLCertificateSocketFactory.createSocket(java.net.Socket#java.lang.String#int#boolean)---,0.08093749500
android.net.Uri.decode(java.lang.String)---,0.00001170872
android.net.Uri.parse(java.lang.String)---,0.00007657790
android.net.Uri.writeToParcel(android.os.Parcel#android.net.Uri)---,0.00001243495
android.net.wifi.SupplicantState.valueOf(java.lang.String)---,0.00008453827
android.net.wifi.WifiInfo.getBSSID()---,0.00000012341
android.net.wifi.WifiInfo.getNetworkId()---,0.00000012712
android.net.wifi.WifiInfo.getRssi()---,0.00000469184
android.net.wifi.WifiInfo.getSupplicantState()---,0.00000264926
android.net.wifi.WifiManager.createWifiLock(int#java.lang.String)---,0.00013790330
android.net.wifi.WifiManager.getConnectionInfo()---,0.00027753990
android.net.wifi.WifiManager.getScanResults()---,0.00210873370
android.net.wifi.WifiManager.getWifiState()---,0.00005353476
android.net.wifi.WifiManager.isWifiEnabled()---,0.00032233170
android.net.wifi.WifiManager.WifiLock.acquire()---,0.00026285070
android.net.wifi.WifiManager.WifiLock.isHeld()---,0.00001342818
android.os.AsyncTask.isCancelled()---,0.00000640771
android.os.Binder.attachInterface(android.os.IInterface#java.lang.String)---,0.00000215528
android.os.Binder.Binder()---,0.00002241032
android.os.Binder.clearCallingIdentity()---,0.00000405171
android.os.Binder.finalize()---,0.00000000000
android.os.Binder.flushPendingCommands()---,0.00000624009
android.os.Binder.getCallingPid()---,0.00000312090
android.os.Binder.getCallingUid()---,0.00000279300
android.os.Binder.isBinderAlive()---,0.00000201113
android.os.Binder.queryLocalInterface(java.lang.String)---,0.00000003400
android.os.Bundle.Bundle()---,0.00002473479
android.os.Bundle.Bundle(android.os.Bundle)---,0.00000912229
android.os.Bundle.getBoolean(java.lang.String)---,0.00002101739
android.os.Bundle.getBoolean(java.lang.String#boolean)---,0.00001522424
android.os.Bundle.getByteArray(java.lang.String)---,0.00000564475
android.os.Bundle.getFloat(java.lang.String)---,0.00000844290
android.os.Bundle.getFloat(java.lang.String#float)---,0.00000589213
android.os.Bundle.getInt(java.lang.String)---,0.00003440175
android.os.Bundle.getInt(java.lang.String#int)---,0.00002465534
android.os.Bundle.getString(java.lang.String)---,0.00013066760
android.os.Bundle.isEmpty()---,0.00013477590
android.os.Bundle.putBoolean(java.lang.String#boolean)---,0.00007305083
android.os.Bundle.putByteArray(java.lang.String#byte[])---,0.00001657876
android.os.Bundle.putInt(java.lang.String#int)---,0.00004771065
android.os.Bundle.putString(java.lang.String#java.lang.String)---,0.00003020151
android.os.Bundle.writeToParcel(android.os.Parcel#int)---,0.00007924465
android.os.Environment.getExternalStorageDirectory()---,0.00001151417
android.os.Environment.getExternalStorageState()---,0.00023336320
android.os.Handler.dispatchMessage(android.os.Message)---,0.00046822470
android.os.Handler.getLooper()---,0.00000338236
android.os.Handler.handleMessage(android.os.Message)---,0.00000200478
android.os.Handler.Handler()---,0.00000867100
android.os.Handler.Handler(android.os.Looper)---,0.00001927072
android.os.Handler.obtainMessage(int)---,0.00000437892
android.os.Handler.obtainMessage(int#int#int)---,0.00000560786
android.os.Handler.obtainMessage(int#int#int#java.lang.Object)---,0.00000576759
android.os.Handler.obtainMessage(int#java.lang.Object)---,0.00003297100
android.os.Handler.post(java.lang.Runnable)---,0.00008040252
android.os.Handler.postAtTime(java.lang.Runnable#long)---,0.00006489710
android.os.Handler.postDelayed(java.lang.Runnable#long)---,0.00009087288
android.os.Handler.removeCallbacks(java.lang.Runnable)---,0.00001879064
android.os.Handler.removeCallbacksAndMessages(java.lang.Object)---,0.00001150892
android.os.Handler.removeMessages(int)---,0.00000835174
android.os.Handler.sendEmptyMessage(int)---,0.00010318290
android.os.Handler.sendEmptyMessageDelayed(int#long)---,0.00001398329
android.os.Handler.sendMessage(android.os.Message)---,0.00001885569
android.os.Handler.sendMessageAtTime(android.os.Message#long)---,0.00003145309
android.os.Handler.sendMessageDelayed(android.os.Message#long)---,0.00001821132
android.os.HandlerThread.getLooper()---,0.00001225120
android.os.HandlerThread.HandlerThread(java.lang.String)---,0.00005165181
android.os.HandlerThread.HandlerThread(java.lang.String#int)---,0.00001414200
android.os.Looper.getMainLooper()---,0.00000004336
android.os.Looper.getThread()---,0.00000005945
android.os.Looper.myLooper()---,0.00005006800
android.os.Looper.myQueue()---,0.00006562669
android.os.Looper.quit()---,0.00001498088
android.os.Message.getData()---,0.00002328590
android.os.Message.Message()---,0.00000018831
android.os.Message.obtain()---,0.00001071513
android.os.Message.obtain(android.os.Handler#int)---,0.00001883306
android.os.Message.obtain(android.os.Handler#int#int#int)---,0.00000587035
android.os.Message.obtain(android.os.Handler#int#int#int#java.lang.Object)---,0.00000282077
android.os.Message.obtain(android.os.Handler#int#java.lang.Object)---,0.00000714306
android.os.Message.obtain(android.os.Handler#java.lang.Runnable)---,0.00000363182
android.os.Message.recycle()---,0.00000634932
android.os.Message.sendToTarget()---,0.00001449734
android.os.Message.setTarget(android.os.Handler)---,0.00000104978
android.os.MessageQueue.addIdleHandler(android.os.MessageQueue.IdleHandler)---,0.00001808520
android.os.Parcel.appendFrom(android.os.Parcel#int#int)---,0.00014036700
android.os.Parcel.createByteArray()---,0.00000370939
android.os.Parcel.createIntArray()---,0.00003559108
android.os.Parcel.createStringArray()---,0.00003072766
android.os.Parcel.createStringArrayList()---,0.00002057232
android.os.Parcel.createTypedArray(android.os.Parcelable.Creator)---,0.00002177248
android.os.Parcel.createTypedArrayList(android.os.Parcelable.Creator)---,0.00164807030
android.os.Parcel.dataAvail()---,0.00000290537
android.os.Parcel.dataPosition()---,0.00000212700
android.os.Parcel.dataSize()---,0.00001007587
android.os.Parcel.enforceInterface(java.lang.String)---,0.00000338400
android.os.Parcel.hasFileDescriptors()---,0.00000842209
android.os.Parcel.obtain()---,0.00000449481
android.os.Parcel.obtain(int)---,0.00000259327
android.os.Parcel.readBundle()---,0.00003256779
android.os.Parcel.readBundle(java.lang.ClassLoader)---,0.00000738108
android.os.Parcel.readByte()---,0.00000397272
android.os.Parcel.readByteArray(byte[])---,0.00001295546
android.os.Parcel.readException()---,0.00002391223
android.os.Parcel.readException(int#java.lang.String)---,0.00001764305
android.os.Parcel.readFloat()---,0.00000254076
android.os.Parcel.readInt()---,0.00000775660
android.os.Parcel.readLong()---,0.00002064433
android.os.Parcel.readString()---,0.00000859226
android.os.Parcel.readStrongBinder()---,0.00008257187
android.os.Parcel.readValue(java.lang.ClassLoader)---,0.00001282800
android.os.Parcel.recycle()---,0.00002365148
android.os.Parcel.setDataPosition(int)---,0.00000840455
android.os.Parcel.writeBundle(android.os.Bundle)---,0.00038759180
android.os.Parcel.writeByteArray(byte[])---,0.00001145134
android.os.Parcel.writeByteArray(byte[]#int#int)---,0.00000659472
android.os.Parcel.writeFloat(float)---,0.00001052894
android.os.Parcel.writeInt(int)---,0.00001053880
android.os.Parcel.writeInterfaceToken(java.lang.String)---,0.00002710837
android.os.Parcel.writeString(java.lang.String)---,0.00000928230
android.os.Parcel.writeStringList(java.util.List)---,0.00001285022
android.os.Parcel.writeStrongBinder(android.os.IBinder)---,0.00002732480
android.os.Parcel.writeValue(java.lang.Object)---,0.00001770158
android.os.ParcelFileDescriptor.close()---,0.00000732000
android.os.ParcelFileDescriptor.finalize()---,0.00000000000
android.os.PowerManager.newWakeLock(int#java.lang.String)---,0.00006999686
android.os.PowerManager.WakeLock.acquire()---,0.00019366090
android.os.PowerManager.WakeLock.isHeld()---,0.00001211554
android.os.Process.getThreadPriority(int)---,0.00000306140
android.os.Process.myTid()---,0.00000013254
android.os.Process.myUid()---,0.00000453573
android.os.Process.setThreadPriority(int)---,0.00000487719
android.os.StatFs.getAvailableBlocks()---,0.00000009029
android.os.StatFs.getBlockSize()---,0.00000007572
android.os.StatFs.StatFs(java.lang.String)---,0.00002325712
android.os.StrictMode.allowThreadDiskReads()---,0.00009933500
android.os.StrictMode.setThreadPolicy(android.os.StrictMode.ThreadPolicy)---,0.00017630340
android.os.SystemClock.elapsedRealtime()---,0.00000355371
android.os.SystemClock.uptimeMillis()---,0.00000733522
android.preference.PreferenceManager.getDefaultSharedPreferences(android.content.Context)---,0.00011348300
android.provider.Settings.Secure.getString(android.content.ContentResolver#java.lang.String)---,0.00002454530
android.provider.Settings.System.getConfiguration(android.content.ContentResolver#android.content.res.Configuration)---,0.00137845580
android.provider.Settings.System.getInt(android.content.ContentResolver#java.lang.String#int)---,0.00068853700
android.provider.Settings.System.getString(android.content.ContentResolver#java.lang.String)---,0.00022994650
android.support.v4.app.DialogFragment.onDismiss(android.content.DialogInterface)---,0.00012134940
android.support.v4.app.Fragment.getActivity()---,0.00000141387
android.telephony.CellLocation.CellLocation()---,0.00000498688
android.telephony.CellLocation.requestLocationUpdate()---,0.00021892370
android.telephony.gsm.GsmCellLocation.getCid()---,0.00000103331
android.telephony.gsm.GsmCellLocation.GsmCellLocation(android.os.Bundle)---,0.00006443575
android.telephony.PhoneStateListener.onCallStateChanged(int#java.lang.String)---,0.00000687514
android.telephony.PhoneStateListener.PhoneStateListener()---,0.00010299330
android.telephony.ServiceState.getState()---,0.00000005935
android.telephony.TelephonyManager.getCellLocation()---,0.00071892190
android.telephony.TelephonyManager.getDeviceId()---,0.00007977365
android.telephony.TelephonyManager.getNetworkCountryIso()---,0.00000867686
android.telephony.TelephonyManager.getNetworkOperator()---,0.00001213000
android.telephony.TelephonyManager.getNetworkOperatorName()---,0.00002973755
android.telephony.TelephonyManager.getNetworkType()---,0.00017721140
android.telephony.TelephonyManager.getPhoneType()---,0.00036887530
android.telephony.TelephonyManager.getSimCountryIso()---,0.00000686900
android.telephony.TelephonyManager.getSimOperator()---,0.00001146060
android.telephony.TelephonyManager.listen(android.telephony.PhoneStateListener#int)---,0.00014435730
android.text.format.DateFormat.getDateFormat(android.content.Context)---,0.00258214650
android.text.format.DateFormat.getTimeFormat(android.content.Context)---,0.00156777920
android.text.format.DateFormat.is24HourFormat(android.content.Context)---,0.00013528580
android.text.SpannableString.setSpan(java.lang.Object#int#int#int)---,0.00020561500
android.text.SpannableString.SpannableString(java.lang.CharSequence)---,0.00006733800
android.text.style.MetricAffectingSpan.MetricAffectingSpan()---,0.00001721889
android.text.style.StyleSpan.StyleSpan(int)---,0.00002885180
android.text.TextPaint.TextPaint(int)---,0.00007423880
android.text.TextUtils.isEmpty(java.lang.CharSequence)---,0.00001058328
android.text.TextUtils.writeToParcel(java.lang.CharSequence#android.os.Parcel#int)---,0.00002291257
android.util.AndroidRuntimeException.AndroidRuntimeException(java.lang.String)---,0.00001293923
android.util.DisplayMetrics.DisplayMetrics()---,0.00000024262
android.util.DisplayMetrics.setTo(android.util.DisplayMetrics)---,0.00000006923
android.util.DisplayMetrics.setToDefaults()---,0.00000267147
android.util.Log.d(java.lang.String#java.lang.String)---,0.00005790442
android.util.Log.e(java.lang.String#java.lang.String)---,0.00002207000
android.util.Log.e(java.lang.String#java.lang.String#java.lang.Throwable)---,0.00036798500
android.util.Log.getStackTraceString(java.lang.Throwable)---,0.00599864020
android.util.Log.i(java.lang.String#java.lang.String)---,0.00002721641
android.util.Log.i(java.lang.String#java.lang.String#java.lang.Throwable)---,0.00065427610
android.util.Log.isLoggable(java.lang.String#int)---,0.00001480573
android.util.Log.println(int#java.lang.String#java.lang.String)---,0.00001042521
android.util.Log.v(java.lang.String#java.lang.String)---,0.00005377424
android.util.Log.w(java.lang.String#java.lang.String)---,0.00003631876
android.util.Log.w(java.lang.String#java.lang.String#java.lang.Throwable)---,0.00008441453
android.util.LongSparseArray.clear()---,0.00000076065
android.util.LongSparseArray.get(long)---,0.00000205946
android.util.LongSparseArray.LongSparseArray()---,0.00000421894
android.util.LongSparseArray.LongSparseArray(int)---,0.00000339340
android.util.LruCache.evictAll()---,0.00007772825
android.util.LruCache.LruCache(int)---,0.00001287078
android.util.LruCache.trimToSize(int)---,0.00002256783
android.util.SparseArray.get(int)---,0.00003221017
android.util.SparseArray.SparseArray()---,0.00000474300
android.util.SparseArray.SparseArray(int)---,0.00000297010
android.util.SparseBooleanArray.get(int)---,0.00004450952
android.util.SparseBooleanArray.get(int#boolean)---,0.00002794916
android.util.SparseBooleanArray.put(int#boolean)---,0.00000034932
android.util.SparseBooleanArray.SparseBooleanArray()---,0.00001331957
android.util.SparseBooleanArray.SparseBooleanArray(int)---,0.00001331957
android.util.SparseIntArray.clear()---,0.00000323313
android.util.SparseIntArray.delete(int)---,0.00000962024
android.util.SparseIntArray.get(int)---,0.00001638032
android.util.SparseIntArray.get(int#int)---,0.00001219276
android.util.SparseIntArray.put(int#int)---,0.00002563087
android.util.SparseIntArray.removeAt(int)---,0.00000534370
android.util.SparseIntArray.size()---,0.00000221667
android.util.SparseIntArray.SparseIntArray()---,0.00001322876
android.util.SparseIntArray.SparseIntArray(int)---,0.00001322876
android.util.TypedValue.TypedValue()---,0.00000373125
android.util.Xml.newPullParser()---,0.00006957093
android.util.Xml.newSerializer()---,0.00067718030
android.view.accessibility.AccessibilityManager.getEnabledAccessibilityServiceList(int)---,0.00041019430
android.view.accessibility.AccessibilityManager.isEnabled()---,0.00000402490
android.view.accessibility.AccessibilityManager.removeAccessibilityStateChangeListener(android.view.accessibility.AccessibilityManager.AccessibilityStateChangeListener)---,0.00006945960
android.view.animation.Animation.setAnimationListener(android.view.animation.Animation.AnimationListener)---,0.00003685271
android.view.animation.Animation.setDuration(long)---,0.00000062900
android.view.animation.AnimationUtils.currentAnimationTimeMillis()---,0.00002052822
android.view.animation.TranslateAnimation.TranslateAnimation(float#float#float#float)---,0.00066529880
android.view.ContextThemeWrapper.getResources()---,0.00000358415
android.view.ContextThemeWrapper.getSystemService(java.lang.String)---,0.00007150769
android.view.Display.getMetrics(android.util.DisplayMetrics)---,0.00008582114
android.view.Display.getOrientation()---,0.00024124400
android.view.Display.getRotation()---,0.00020053910
android.view.Display.isValid()---,0.00020567300
android.view.GestureDetector.SimpleOnGestureListener.onSingleTapConfirmed(android.view.MotionEvent)---,0.00000524700
android.view.Gravity.apply(int#int#int#android.graphics.Rect#android.graphics.Rect#int)---,0.00000805540
android.view.Gravity.apply(int#int#int#android.graphics.Rect#int#int#android.graphics.Rect)---,0.00000006783
android.view.Gravity.getAbsoluteGravity(int#int)---,0.00000187081
android.view.inputmethod.BaseInputConnection.beginBatchEdit()---,0.00000019072
android.view.inputmethod.BaseInputConnection.endBatchEdit()---,0.00000028085
android.view.inputmethod.BaseInputConnection.finishComposingText()---,0.00075951960
android.view.inputmethod.BaseInputConnection.getEditable()---,0.00065352840
android.view.inputmethod.BaseInputConnection.getTextAfterCursor(int#int)---,0.00016484220
android.view.inputmethod.BaseInputConnection.getTextBeforeCursor(int#int)---,0.00005156546
android.view.inputmethod.BaseInputConnection.removeComposingSpans(android.text.Spannable)---,0.00012812060
android.view.inputmethod.BaseInputConnection.reportFullscreenMode(boolean)---,0.00001233187
android.view.inputmethod.BaseInputConnection.setComposingText(java.lang.CharSequence#int)---,0.02044798170
android.view.inputmethod.EditorInfo.EditorInfo()---,0.00000443520
android.view.inputmethod.InputConnectionWrapper.finishComposingText()---,0.00023714150
android.view.inputmethod.InputMethodManager.isActive(android.view.View)---,0.00001073581
android.view.KeyEvent.DispatcherState.reset()---,0.00000951231
android.view.KeyEvent.getAction()---,0.00000444860
android.view.Surface.finalize()---,0.00000000000
android.view.Surface.isValid()---,0.00002927525
android.view.Surface.release()---,0.00179864750
android.view.textservice.SpellCheckerSubtype.getLocale()---,0.00000068552
android.view.View.bringToFront()---,0.00012004510
android.view.View.buildDrawingCache()---,0.00007910593
android.view.View.checkInputConnectionProxy(android.view.View)---,0.00000109951
android.view.View.clearAnimation()---,0.00013644520
android.view.View.destroyDrawingCache()---,0.00000023528
android.view.View.dispatchSetPressed(boolean)---,0.00000304611
android.view.View.dispatchWindowFocusChanged(boolean)---,0.00017804370
android.view.View.forceLayout()---,0.00001348581
android.view.View.getContext()---,0.00000330953
android.view.View.getDrawingCache()---,0.00001043479
android.view.View.getHandler()---,0.00000413800
android.view.View.getId()---,0.00000399110
android.view.View.getLayerType()---,0.00000445976
android.view.View.getLayoutParams()---,0.00000416441
android.view.View.getLeft()---,0.00000410969
android.view.View.getMeasuredHeight()---,0.00000161933
android.view.View.getMeasuredWidth()---,0.00000404856
android.view.View.getParent()---,0.00000006681
android.view.View.getResources()---,0.00000395900
android.view.View.getRootView()---,0.00000021352
android.view.View.getTop()---,0.00000297509
android.view.View.getVisibility()---,0.00000734538
android.view.View.getWidth()---,0.00000016258
android.view.View.getWindowToken()---,0.00000322475
android.view.View.hasWindowFocus()---,0.00000571308
android.view.View.invalidate()---,0.00002793634
android.view.View.isEnabled()---,0.00000479493
android.view.View.isFocused()---,0.00000357560
android.view.View.isHardwareAccelerated()---,0.00000382512
android.view.View.isLayoutRequested()---,0.00000143762
android.view.View.isLongClickable()---,0.00000641461
android.view.View.isOpaque()---,0.00000168040
android.view.View.isVerticalScrollBarEnabled()---,0.00000616327
android.view.View.onCheckIsTextEditor()---,0.00000316433
android.view.View.onCreateInputConnection(android.view.inputmethod.EditorInfo)---,0.00000431792
android.view.View.performClick()---,0.04153304540
android.view.View.playSoundEffect(int)---,0.00135264540
android.view.View.post(java.lang.Runnable)---,0.00009672100
android.view.View.postDelayed(java.lang.Runnable#long)---,0.00007077834
android.view.View.postInvalidate()---,0.00013163470
android.view.View.refreshDrawableState()---,0.00066019310
android.view.View.requestLayout()---,0.00036423960
android.view.View.sendAccessibilityEvent(int)---,0.00230453660
android.view.View.setClickable(boolean)---,0.00047388830
android.view.View.setEnabled(boolean)---,0.00063421240
android.view.View.setHorizontalScrollBarEnabled(boolean)---,0.00001634028
android.view.View.setLayoutParams(android.view.ViewGroup.LayoutParams)---,0.00047487130
android.view.View.setOnTouchListener(android.view.View.OnTouchListener)---,0.00000706070
android.view.View.setPressed(boolean)---,0.00156634400
android.view.View.setVerticalScrollBarEnabled(boolean)---,0.00001872190
android.view.View.setVisibility(int)---,0.00029009420
android.view.View.startAnimation(android.view.animation.Animation)---,0.00161729780
android.view.ViewConfiguration.get(android.content.Context)---,0.00004323771
android.view.ViewConfiguration.getDoubleTapTimeout()---,0.00000464878
android.view.ViewConfiguration.getLongPressTimeout()---,0.00038049880
android.view.ViewConfiguration.getPressedStateDuration()---,0.00000549060
android.view.ViewConfiguration.getScaledDoubleTapSlop()---,0.00000325271
android.view.ViewConfiguration.getScaledTouchSlop()---,0.00000356673
android.view.ViewConfiguration.getTapTimeout()---,0.00000414533
android.view.ViewGroup.addView(android.view.View)---,0.00168253610
android.view.ViewGroup.addView(android.view.View#android.view.ViewGroup.LayoutParams)---,0.00356697640
android.view.ViewGroup.dispatchSetPressed(boolean)---,0.00094972780
android.view.ViewGroup.dispatchWindowFocusChanged(boolean)---,0.00384674900
android.view.ViewGroup.findFocus()---,0.00007684184
android.view.ViewGroup.focusableViewAvailable(android.view.View)---,0.00133488340
android.view.ViewGroup.getChildAt(int)---,0.00000336652
android.view.ViewGroup.getChildCount()---,0.00000441161
android.view.ViewGroup.hasFocusable()---,0.00007506548
android.view.ViewGroup.invalidateChild(android.view.View#android.graphics.Rect)---,0.00043008700
android.view.ViewGroup.isAlwaysDrawnWithCacheEnabled()---,0.00000212361
android.view.ViewGroup.removeAllViews()---,0.00179674670
android.view.ViewGroup.requestDisallowInterceptTouchEvent(boolean)---,0.00000491310
android.view.Window.findViewById(int)---,0.00135808360
android.view.Window.getAttributes()---,0.00000613555
android.view.WindowManager.LayoutParams.mayUseInputMethod(int)---,0.00000373016
android.webkit.ConsoleMessage.ConsoleMessage(java.lang.String#java.lang.String#int#android.webkit.ConsoleMessage.MessageLevel)---,0.00000372500
android.webkit.ConsoleMessage.lineNumber()---,0.00000110585
android.webkit.ConsoleMessage.message()---,0.00000358208
android.webkit.ConsoleMessage.MessageLevel.values()---,0.00001430675
android.webkit.ConsoleMessage.sourceId()---,0.00000483731
android.webkit.CookieManager.getInstance()---,0.00000349183
android.webkit.CookieSyncManager.createInstance(android.content.Context)---,0.00002603292
android.webkit.CookieSyncManager.getInstance()---,0.00003189231
android.webkit.CookieSyncManager.sync()---,0.00027293850
android.webkit.URLUtil.isJavaScriptUrl(java.lang.String)---,0.00000730629
android.webkit.WebChromeClient.getVisitedHistory(android.webkit.ValueCallback)---,0.00000467709
android.webkit.WebChromeClient.onConsoleMessage(android.webkit.ConsoleMessage)---,0.00002186044
android.webkit.WebChromeClient.onConsoleMessage(java.lang.String#int#java.lang.String)---,0.00000212376
android.webkit.WebChromeClient.onProgressChanged(android.webkit.WebView#int)---,0.00000405128
android.webkit.WebChromeClient.onReceivedTitle(android.webkit.WebView#java.lang.String)---,0.00000244787
android.webkit.WebView.clearCache(boolean)---,0.00025409790
android.webkit.WebView.destroy()---,0.00011482220
android.webkit.WebView.getProgress()---,0.00920200320
android.webkit.WebView.getSettings()---,0.00006503163
android.webkit.WebView.loadData(java.lang.String#java.lang.String#java.lang.String)---,0.00973655790
android.webkit.WebView.loadDataWithBaseURL(java.lang.String#java.lang.String#java.lang.String#java.lang.String#java.lang.String)---,0.00069145890
android.webkit.WebView.loadUrl(java.lang.String)---,0.00062404980
android.webkit.WebView.setCertificate(android.net.http.SslCertificate)---,0.00009682251
android.webkit.WebView.setWebViewClient(android.webkit.WebViewClient)---,0.00006144050
android.webkit.WebView.WebView(android.content.Context)---,0.02115041550
android.webkit.WebView.WebView(android.content.Context#android.util.AttributeSet)---,0.01255908610
android.webkit.WebViewClient.doUpdateVisitedHistory(android.webkit.WebView#java.lang.String#boolean)---,0.00000265662
android.webkit.WebViewClient.onLoadResource(android.webkit.WebView#java.lang.String)---,0.00000455870
android.webkit.WebViewClient.onPageFinished(android.webkit.WebView#java.lang.String)---,0.00000268242
android.webkit.WebViewClient.onPageStarted(android.webkit.WebView#java.lang.String#android.graphics.Bitmap)---,0.00000452810
android.webkit.WebViewClient.onScaleChanged(android.webkit.WebView#float#float)---,0.00000003807
android.webkit.WebViewClient.shouldInterceptRequest(android.webkit.WebView#java.lang.String)---,0.00000006890
android.widget.AbsListView.dispatchSetPressed(boolean)---,0.00000023800
android.widget.AbsListView.isTextFilterEnabled()---,0.00000021179
android.widget.AbsListView.onCreateInputConnection(android.view.inputmethod.EditorInfo)---,0.00001222337
android.widget.AbsListView.performItemClick(android.view.View#int#long)---,0.01942096860
android.widget.AbsListView.sendAccessibilityEvent(int)---,0.00129566320
android.widget.AbsSpinner.getAdapter()---,0.00000032530
android.widget.AbsSpinner.requestLayout()---,0.00002964468
android.widget.AbsSpinner.setSelection(int)---,0.00016719160
android.widget.AdapterView.getFirstVisiblePosition()---,0.00000028776
android.widget.AdapterView.getLastVisiblePosition()---,0.00000689374
android.widget.ArrayAdapter.clear()---,0.03334032290
android.widget.ArrayAdapter.notifyDataSetChanged()---,0.00513979990
android.widget.AutoCompleteTextView.onFilterComplete(int)---,0.00015004940
android.widget.BaseAdapter.BaseAdapter()---,0.00001241028
android.widget.BaseAdapter.notifyDataSetChanged()---,0.00021385890
android.widget.BaseAdapter.notifyDataSetInvalidated()---,0.00018352480
android.widget.CompoundButton.performClick()---,0.00452330190
android.widget.CursorAdapter.getCount()---,0.00000029668
android.widget.CursorAdapter.getItemId(int)---,0.00006703671
android.widget.EditText.setSelection(int#int)---,0.00484582860
android.widget.FrameLayout.LayoutParams.FrameLayout.LayoutParams(int#int)---,0.00003128184
android.widget.GridView.setAdapter(android.widget.ListAdapter)---,0.00032716260
android.widget.HorizontalScrollView.smoothScrollTo(int#int)---,0.00012339820
android.widget.ImageView.setImageResource(int)---,0.00121918620
android.widget.ImageView.setVisibility(int)---,0.00027350940
android.widget.LinearLayout.LayoutParams.LinearLayout.LayoutParams(int#int)---,0.00001507329
android.widget.ListView.isOpaque()---,0.00000020900
android.widget.ListView.layoutChildren()---,0.00217171560
android.widget.OverScroller.isFinished()---,0.00001054049
android.widget.ProgressBar.getMax()---,0.00000413087
android.widget.ProgressBar.getProgress()---,0.00000414289
android.widget.ProgressBar.incrementProgressBy(int)---,0.00014389470
android.widget.ProgressBar.postInvalidate()---,0.00009771206
android.widget.ProgressBar.setMax(int)---,0.00070219320
android.widget.ProgressBar.setProgress(int)---,0.00013280810
android.widget.ProgressBar.setVisibility(int)---,0.00026820760
android.widget.TextView.getLayout()---,0.00000379143
android.widget.TextView.onCheckIsTextEditor()---,0.00000270353
android.widget.TextView.onCreateInputConnection(android.view.inputmethod.EditorInfo)---,0.00267503780
android.widget.TextView.sendAccessibilityEvent(int)---,0.00017776410
android.widget.TextView.setText(java.lang.CharSequence)---,0.00135323960
android.widget.TextView.setText(java.lang.CharSequence#android.widget.TextView.BufferType)---,0.00103702800
android.widget.Toast.makeText(android.content.Context#java.lang.CharSequence#int)---,0.00786469100
android.widget.Toast.show()---,0.00057397580
android.widget.ViewAnimator.showNext()---,0.00010808940
android.widget.ViewFlipper.ViewFlipper(android.content.Context)---,0.00035866220
